{
  "dim": 3,
  "hidden_dims": [
    256,
    256,
    256
  ],
  "state_mean": [
    0.3384697139263153,
    0.024735821411013603,
    -0.023335475474596024,
    -0.1052280142903328,
    0.34921684861183167,
    -0.009893523529171944
  ],
  "state_std": [
    0.5370449423789978,
    0.33391883969306946,
    0.04975584149360657,
    0.7611446976661682,
    0.8595895767211914,
    0.11138948798179626
  ],
  "best_val_loss": 4.137123359010284e-05,
  "run_name": "hnn_cr3bp_l1_mixed_v3",
  "limit": 1000000,
  "where_clause": "abs(ax) < 15.0 AND abs(ay) < 15.0 AND abs(az) < 15.0",
  "parent_checkpoint": null,
  "forced_norm_source": null
}